title,type,topic,level,url,tags
Python for Everybody,Book,Python,Beginner,https://www.py4e.com/book,"python, beginner, book"
Automate the Boring Stuff with Python,Book,Python,Beginner,https://automatetheboringstuff.com/,"python, beginner, automation, book"
Official Python Documentation,Documentation,Python,All,https://docs.python.org/3/,"python, documentation"
LeetCode Python Problems,Problem Set,Python,Intermediate,https://leetcode.com/problemset/all/?topicSlugs=python,"python, problems, leetcode"
Corey Schafer Python Tutorials,YouTube Video,Python,Beginner,https://www.youtube.com/user/schafer5,"python, youtube, tutorial"
Java Programming and Software Engineering Fundamentals (Coursera),Course,Java,Beginner,https://www.coursera.org/specializations/java-programming,"java, course, beginner"
Effective Java by Joshua Bloch,Book,Java,Advanced,https://www.oreilly.com/library/view/effective-java-3rd/9780134686097/,"java, book, advanced"
Official Java Documentation,Documentation,Java,All,https://docs.oracle.com/javase/8/docs/,"java, documentation"
Java Programming Tutorial - Derek Banas,YouTube Video,Java,Beginner,https://www.youtube.com/watch?v=Hl-zzrqQoSE,"java, youtube, tutorial"
LeetCode Java Problems,Problem Set,Java,Intermediate,https://leetcode.com/problemset/all/?topicSlugs=java,"java, problems, leetcode"
GeeksforGeeks Data Structures,Website,Data Structures,Beginner,https://www.geeksforgeeks.org/data-structures/,"data structures, gfg, beginner"
MIT OpenCourseWare - Data Structures,Course,Data Structures,Intermediate,https://ocw.mit.edu/courses/electrical-engineering-and-computer-science/6-006-introduction-to-algorithms-fall-2011/,"data structures, mit, algorithms"
LeetCode Data Structures,Problem Set,Data Structures,Intermediate,https://leetcode.com/problemset/all/?topicSlugs=data-structures,"data structures, leetcode, problems"
Data Structures and Algorithms in C++,Book,Data Structures,Advanced,https://www.amazon.com/Structures-Algorithms-Addison-Wesley-Computer-Science/dp/0201633620,"data structures, algorithms, book"
Abdul Bari Data Structures YouTube,YouTube Video,Data Structures,Beginner,https://www.youtube.com/playlist?list=PLfqMhTWNBTe0b2nM6JHVCnAkhQRGiZMSJ,"data structures, youtube, tutorial"
Operating System Concepts (Silberschatz),Book,Operating Systems,Intermediate,https://www.os-book.com/,"os, book, intermediate"
GeeksforGeeks OS Tutorials,Website,Operating Systems,Beginner,https://www.geeksforgeeks.org/operating-systems/,"os, gfg, beginner"
Operating Systems - Neso Academy,YouTube Video,Operating Systems,Beginner,https://www.youtube.com/playlist?list=PLBlnK6fEyqRjEETjhG7UUtgPOVxJoxdRs,"os, youtube, tutorial"
OSTEP (Operating Systems: Three Easy Pieces),Book,Operating Systems,Intermediate,https://pages.cs.wisc.edu/~remzi/OSTEP/,"os, book, free"
MIT OS Course,Course,Operating Systems,Advanced,https://ocw.mit.edu/courses/6-828-operating-system-engineering-fall-2012/,"os, mit, course"
C++ Primer (5th Edition),Book,C++,Beginner,https://www.informit.com/store/c-plus-plus-primer-9780321714114,"c++, book, beginner"
LearnCpp.com,Website,C++,Beginner,https://www.learncpp.com/,"c++, website, tutorial"
Official C++ Reference,Documentation,C++,All,https://en.cppreference.com/w/,"c++, documentation"
C++ Programming Tutorial - FreeCodeCamp,YouTube Video,C++,Beginner,https://www.youtube.com/watch?v=vLnPwxZdW4Y,"c++, youtube, beginner"
LeetCode C++ Problems,Problem Set,C++,Intermediate,https://leetcode.com/problemset/all/?topicSlugs=cplusplus,"c++, problems, leetcode"
Calculus by James Stewart,Book,Calculus,Beginner,https://www.amazon.com/Calculus-Early-Transcendentals-James-Stewart/dp/1337613924,"calculus, book, beginner"
Paul's Online Math Notes - Calculus,Website,Calculus,Beginner,https://tutorial.math.lamar.edu/,"calculus, website, beginner"
Khan Academy Calculus,Course,Calculus,Beginner,https://www.khanacademy.org/math/calculus-1,"calculus, khan, course"
MIT OpenCourseWare Calculus,Course,Calculus,Intermediate,https://ocw.mit.edu/courses/mathematics/18-01sc-single-variable-calculus-fall-2010/,"calculus, mit, course"
3Blue1Brown - Essence of Calculus,YouTube Video,Calculus,Beginner,https://www.youtube.com/playlist?list=PLZHQObOWTQDPKU6zOjrE1c2WXFzk7gCkE,"calculus, youtube, visual"
Discrete Mathematics and Its Applications by Kenneth H. Rosen,Book,Discrete Mathematics,Beginner,https://www.mheducation.com/highered/product/discrete-mathematics-its-applications-rosen/M9781260091991.html,"discrete math, book, beginner"
MIT OCW Discrete Mathematics,Course,Discrete Mathematics,Intermediate,https://ocw.mit.edu/courses/mathematics/18-310-principles-of-applied-mathematics-fall-2013/,"discrete math, mit, course"
Khan Academy Discrete Math,Course,Discrete Mathematics,Beginner,https://www.khanacademy.org/computing/computer-science/cryptography,"discrete math, khan, beginner"
Discrete Mathematics - Neso Academy,YouTube Video,Discrete Mathematics,Beginner,https://www.youtube.com/playlist?list=PLBlnK6fEyqRj9lz2V0N2dt6smNw3bX6eK,"discrete math, youtube, beginner"
GeeksforGeeks Discrete Mathematics,Website,Discrete Mathematics,Beginner,https://www.geeksforgeeks.org/discrete-mathematics/,"discrete math, gfg, beginner"
AWS Certified Solutions Architect Official Study Guide,Book,AWS,Intermediate,https://www.amazon.com/AWS-Certified-Solutions-Architect-Official/dp/111950421X,"aws, book, certification"
AWS Training and Certification,Course,AWS,Beginner,https://aws.amazon.com/training/,"aws, course, beginner"
AWS Documentation,Documentation,AWS,All,https://docs.aws.amazon.com/,"aws, documentation"
FreeCodeCamp AWS Cloud Practitioner Course,YouTube Video,AWS,Beginner,https://www.youtube.com/watch?v=3hLmDS179YE,"aws, youtube, beginner"
AWS Well-Architected Labs,Website,AWS,Intermediate,https://wellarchitectedlabs.com/,"aws, website, labs"
Cloud Computing Bible,Book,Cloud Computing,Beginner,https://www.wiley.com/en-us/Cloud+Computing+Bible-p-9780470903568,"cloud, book, beginner"
Coursera Cloud Computing Specialization,Course,Cloud Computing,Intermediate,https://www.coursera.org/specializations/cloud-computing,"cloud, coursera, specialization"
NPTEL Cloud Computing,Course,Cloud Computing,Intermediate,https://nptel.ac.in/courses/106/106/106106182/,"cloud, nptel, course"
Cloud Computing - Tutorialspoint,Website,Cloud Computing,Beginner,https://www.tutorialspoint.com/cloud_computing/index.htm,"cloud, tutorialspoint, beginner"
Cloud Computing Full Course - Edureka,YouTube Video,Cloud Computing,Beginner,https://www.youtube.com/watch?v=2LaAJq1lB1Q,"cloud, youtube, edureka"
Database System Concepts by Korth,Book,DBMS,Beginner,https://www.db-book.com/,"dbms, book, beginner"
GeeksforGeeks DBMS,Website,DBMS,Beginner,https://www.geeksforgeeks.org/dbms/,"dbms, gfg, beginner"
DBMS - Neso Academy,YouTube Video,DBMS,Beginner,https://www.youtube.com/playlist?list=PLBlnK6fEyqRj0r6ljjZ6kO1RfFzY-4A8i,"dbms, youtube, beginner"
Stanford Database Course,Course,DBMS,Intermediate,https://cs186berkeley.net/,"dbms, stanford, course"
SQLZoo,Problem Set,DBMS,Beginner,https://sqlzoo.net/,"dbms, sql, problems"
"Hands-On Machine Learning with Scikit-Learn, Keras, and TensorFlow",Book,Machine Learning,Intermediate,https://www.oreilly.com/library/view/hands-on-machine-learning/9781492032632/,"ml, book, intermediate"
Andrew Ng's ML Course (Coursera),Course,Machine Learning,Beginner,https://www.coursera.org/learn/machine-learning,"ml, coursera, beginner"
Deep Learning Specialization (Coursera),Course,Machine Learning,Advanced,https://www.coursera.org/specializations/deep-learning,"ml, deep learning, advanced"
Google ML Crash Course,Course,Machine Learning,Beginner,https://developers.google.com/machine-learning/crash-course,"ml, google, beginner"
Kaggle Datasets and Problems,Problem Set,Machine Learning,Intermediate,https://www.kaggle.com/datasets,"ml, kaggle, problems"
3Blue1Brown Neural Networks,YouTube Video,Machine Learning,Intermediate,https://www.youtube.com/playlist?list=PLZHQObOWTQDMsr9K-rj53DwVRMYO3t5Yr,"ml, youtube, visual"
Real Python Tutorials,Website,Python,Intermediate,https://realpython.com/,"python, tutorials, website"
Full Python Course - FreeCodeCamp,YouTube Video,Python,Beginner,https://www.youtube.com/watch?v=rfscVS0vtbw,"python, youtube, course"
Python Crash Course by Eric Matthes,Book,Python,Beginner,https://nostarch.com/pythoncrashcourse2e,"python, book, beginner"
Exercism Python Track,Problem Set,Python,Intermediate,https://exercism.org/tracks/python,"python, problems, exercism"
Intermediate Python - PyBites,Problem Set,Python,Intermediate,https://codechalleng.es/bites/tags/python/,"python, coding, challenges"
Head First Java,Book,Java,Beginner,https://www.oreilly.com/library/view/head-first-java/0596009208/,"java, beginner, book"
Java Brains YouTube,YouTube Video,Java,Intermediate,https://www.youtube.com/user/koushks,"java, youtube, tutorial"
GeeksforGeeks Java Programming,Website,Java,Beginner,https://www.geeksforgee_ks.org/java/,"java, gfg, website"
Java Programming Masterclass (Udemy),Course,Java,Beginner,https://www.udemy.com/course/java-the-complete-java-developer-course/,"java, udemy, beginner"
CodingBat Java Problems,Problem Set,Java,Beginner,https://codingbat.com/java,"java, problems, codingbat"
Coursera Data Structures and Algorithms,Course,Data Structures,Beginner,https://www.coursera.org/specializations/data-structures-algorithms,"dsa, coursera, course"
Cracking the Coding Interview,Book,Data Structures,Intermediate,https://www.crackingthecodinginterview.com/,"dsa, book, interview"
NeetCode YouTube - DSA Problems,YouTube Video,Data Structures,Intermediate,https://www.youtube.com/c/NeetCode,"dsa, youtube, practice"
HackerRank Data Structures,Problem Set,Data Structures,Beginner,https://www.hackerrank.com/domains/data-structures,"dsa, hackerrank, beginner"
Brilliant.org Data Structures,Course,Data Structures,Intermediate,https://brilliant.org/,"dsa, course, interactive"
Stanford CS140e - OS,Course,Operating Systems,Advanced,https://cs140e.sergio.bz/,"os, stanford, advanced"
GATE Lectures - Operating Systems,YouTube Video,Operating Systems,Intermediate,https://www.youtube.com/playlist?list=PLG9aCp4uE-s1XzO0PrG2-LA0QavbdkMmn,"os, youtube, gate"
Operating Systems TutorialsPoint,Website,Operating Systems,Beginner,https://www.tutorialspoint.com/operating_system/index.htm,"os, tutorialspoint, beginner"
Operating System MCQs - Sanfoundry,Problem Set,Operating Systems,Intermediate,https://www.sanfoundry.com/operating-system-questions-answers/,"os, mcqs, practice"
CMU Intro to OS,Course,Operating Systems,Advanced,https://www.cs.cmu.edu/~410/,"os, cmu, course"
Programming: Principles and Practice Using C++,Book,C++,Beginner,https://www.stroustrup.com/programming.html,"c++, stroustrup, book"
C++ Nanodegree - Udacity,Course,C++,Intermediate,https://www.udacity.com/course/c-plus-plus-nanodegree--nd213,"c++, course, udacity"
GeeksforGeeks C++,Website,C++,Beginner,https://www.geeksforgeeks.org/c-plus-plus/,"c++, gfg, website"
C++ Interview Questions - TutorialsPoint,Article,C++,Intermediate,https://www.tutorialspoint.com/cplusplus/cpp_interview_questions.htm,"c++, interview, article"
Exercism C++ Track,Problem Set,C++,Intermediate,https://exercism.org/tracks/cpp,"c++, practice, problems"
Thomas' Calculus,Book,Calculus,Intermediate,https://www.pearson.com/en-us/subject-catalog/p/thomas-calculus/P200000006983,"calculus, thomas, book"
Brilliant.org Calculus,Course,Calculus,Intermediate,https://brilliant.org/subjects/calculus/,"calculus, brilliant, course"
Exercism Math Problems,Problem Set,Calculus,Intermediate,https://exercism.org/tracks/mathematics,"calculus, problems, practice"
Paul's Calculus Practice Problems,Problem Set,Calculus,Intermediate,https://tutorial.math.lamar.edu/Problems/calculus.aspx,"calculus, problems, practice"
Calculus for Machine Learning - YouTube,YouTube Video,Calculus,Intermediate,https://www.youtube.com/watch?v=ZK3O402wf1c,"calculus, youtube, ml"
Discrete Mathematics Course - FreeCodeCamp,YouTube Video,Discrete Mathematics,Beginner,https://www.youtube.com/watch?v=VQ4iDBkGxfI,"discrete math, youtube, course"
Brilliant.org Discrete Math,Course,Discrete Mathematics,Intermediate,https://brilliant.org/subjects/discrete-mathematics/,"discrete math, brilliant, course"
Discrete Math Problems - Sanfoundry,Problem Set,Discrete Mathematics,Intermediate,https://www.sanfoundry.com/discrete-mathematics-questions-answers/,"discrete math, problems, practice"
Discrete Mathematics by Susanna Epp,Book,Discrete Mathematics,Beginner,https://www.pearson.com/en-us/subject-catalog/p/discrete-mathematics-with-applications/P200000006981,"discrete math, epp, book"
Jovian Discrete Math,Article,Discrete Mathematics,Intermediate,https://jovian.com/learn/discrete-mathematics,"discrete math, article, tutorial"
AWS Certified Developer Associate,Course,AWS,Intermediate,https://www.udemy.com/course/aws-certified-developer-associate/,"aws, udemy, course"
AWS Free Tier Hands-On Labs,Website,AWS,Beginner,https://aws.amazon.com/free/,"aws, hands-on, labs"
AWS Case Studies,Article,AWS,Intermediate,https://aws.amazon.com/solutions/case-studies/,"aws, case study, article"
Linux Academy AWS Training,Course,AWS,Intermediate,https://acloudguru.com/training-library/aws,"aws, cloudguru, training"
AWS Solutions Architect Course - YouTube,YouTube Video,AWS,Intermediate,https://www.youtube.com/watch?v=Ia-UEYYR44s,"aws, youtube, architect"
Cloud Native Computing Foundation,Website,Cloud Computing,Intermediate,https://www.cncf.io/,"cloud, cncf, website"
Cloud Computing MCQs - Sanfoundry,Problem Set,Cloud Computing,Intermediate,https://www.sanfoundry.com/cloud-computing-questions-answers/,"cloud, practice, mcqs"
Google Cloud Training,Course,Cloud Computing,Beginner,https://cloud.google.com/training,"cloud, gcp, beginner"
Microsoft Learn - Azure Fundamentals,Course,Cloud Computing,Beginner,https://learn.microsoft.com/en-us/training/azure/,"cloud, azure, beginner"
IBM Cloud Docs,Documentation,Cloud Computing,All,https://cloud.ibm.com/docs,"cloud, ibm, documentation"
SQLBolt Interactive SQL Lessons,Problem Set,DBMS,Beginner,https://sqlbolt.com/,"dbms, sql, interactive"
Mode Analytics SQL Tutorial,Article,DBMS,Beginner,https://mode.com/sql-tutorial/,"dbms, sql, beginner"
PostgreSQL Official Docs,Documentation,DBMS,All,https://www.postgresql.org/docs/,"dbms, postgres, documentation"
MySQL Tutorial - W3Schools,Website,DBMS,Beginner,https://www.w3schools.com/MySQL/default.asp,"dbms, mysql, w3schools"
MongoDB University Free Courses,Course,DBMS,Beginner,https://learn.mongodb.com/,"dbms, nosql, course"
Fast.ai Practical Deep Learning,Course,Machine Learning,Intermediate,https://course.fast.ai/,"ml, fastai, course"
Machine Learning Yearning by Andrew Ng,Book,Machine Learning,Beginner,https://www.deeplearning.ai/machine-learning-yearning/,"ml, book, ng"
Awesome Machine Learning GitHub,Website,Machine Learning,Advanced,https://github.com/josephmisiti/awesome-machine-learning,"ml, github, curated"
Towards Data Science Articles,Article,Machine Learning,Intermediate,https://towardsdatascience.com/,"ml, articles, tds"
Exercism ML Problems,Problem Set,Machine Learning,Intermediate,https://exercism.org/tracks/machine-learning,"ml, practice, problems"